<?xml version="1.0" encoding="utf-8"?>
<dataset name="TUD-campus">
   <frame number="90">
      <objectlist>
         <object confidence="0.927">
            <box h="255" w="127" xc="108.5" yc="279.5"/>
         </object>
         <object confidence="0.80879">
            <box h="146" w="72" xc="226" yc="274"/>
         </object>
         <object confidence="0.73578">
            <box h="231" w="115" xc="446.5" yc="285.5"/>
         </object>
         <object confidence="0.57588">
            <box h="198" w="98" xc="317" yc="284"/>
         </object>
         <object confidence="0.50971">
            <box h="180" w="89" xc="175.5" yc="274"/>
         </object>
         <object confidence="0.50055">
            <box h="90" w="45" xc="295.5" yc="333"/>
         </object>
         <object confidence="0.50035">
            <box h="118" w="59" xc="160.5" yc="316"/>
         </object>
         <object confidence="0.50011">
            <box h="66" w="32" xc="415" yc="376"/>
         </object>
      </objectlist>
   </frame>
   <frame number="91">
      <objectlist>
         <object confidence="0.89599">
            <box h="258" w="129" xc="116.5" yc="283"/>
         </object>
         <object confidence="0.85008">
            <box h="246" w="122" xc="463" yc="285"/>
         </object>
         <object confidence="0.72812">
            <box h="190" w="94" xc="304" yc="285"/>
         </object>
         <object confidence="0.54717">
            <box h="144" w="72" xc="227" yc="274"/>
         </object>
         <object confidence="0.51798">
            <box h="166" w="82" xc="192" yc="276"/>
         </object>
         <object confidence="0.50034">
            <box h="89" w="45" xc="289.5" yc="333.5"/>
         </object>
         <object confidence="0.50016">
            <box h="113" w="56" xc="498" yc="350.5"/>
         </object>
      </objectlist>
   </frame>
   <frame number="92">
      <objectlist>
         <object confidence="0.83329">
            <box h="185" w="93" xc="302.5" yc="285.5"/>
         </object>
         <object confidence="0.78913">
            <box h="261" w="130" xc="130" yc="287.5"/>
         </object>
         <object confidence="0.69345">
            <box h="254" w="127" xc="465.5" yc="284"/>
         </object>
         <object confidence="0.65275">
            <box h="142" w="71" xc="238.5" yc="273"/>
         </object>
         <object confidence="0.50923">
            <box h="158" w="79" xc="197.5" yc="275"/>
         </object>
         <object confidence="0.50017">
            <box h="124" w="62" xc="508" yc="352"/>
         </object>
         <object confidence="0.50016">
            <box h="116" w="58" xc="150" yc="215"/>
         </object>
         <object confidence="0.50011">
            <box h="87" w="43" xc="289.5" yc="337.5"/>
         </object>
      </objectlist>
   </frame>
   <frame number="93">
      <objectlist>
         <object confidence="0.81554">
            <box h="243" w="120" xc="483" yc="286.5"/>
         </object>
         <object confidence="0.72837">
            <box h="263" w="131" xc="135.5" yc="286.5"/>
         </object>
         <object confidence="0.67579">
            <box h="141" w="70" xc="239" yc="273.5"/>
         </object>
         <object confidence="0.66591">
            <box h="195" w="98" xc="299" yc="284.5"/>
         </object>
         <object confidence="0.56303">
            <box h="163" w="81" xc="201.5" yc="275.5"/>
         </object>
         <object confidence="0.50093">
            <box h="116" w="58" xc="509" yc="349"/>
         </object>
         <object confidence="0.50013">
            <box h="82" w="41" xc="481.5" yc="212"/>
         </object>
         <object confidence="0.5001">
            <box h="125" w="62" xc="155" yc="209.5"/>
         </object>
         <object confidence="0.50006">
            <box h="90" w="45" xc="288.5" yc="336"/>
         </object>
      </objectlist>
   </frame>
   <frame number="94">
      <objectlist>
         <object confidence="0.86288">
            <box h="197" w="98" xc="286" yc="282.5"/>
         </object>
         <object confidence="0.82002">
            <box h="242" w="122" xc="490" yc="289"/>
         </object>
         <object confidence="0.7814">
            <box h="260" w="131" xc="140.5" yc="286"/>
         </object>
         <object confidence="0.54801">
            <box h="176" w="88" xc="204" yc="276"/>
         </object>
         <object confidence="0.50137">
            <box h="120" w="60" xc="518" yc="353"/>
         </object>
         <object confidence="0.50039">
            <box h="141" w="70" xc="171" yc="352.5"/>
         </object>
      </objectlist>
   </frame>
   <frame number="95">
      <objectlist>
         <object confidence="0.928">
            <box h="199" w="100" xc="284" yc="282.5"/>
         </object>
         <object confidence="0.89657">
            <box h="235" w="118" xc="495" yc="290.5"/>
         </object>
         <object confidence="0.81699">
            <box h="255" w="129" xc="154.5" yc="283.5"/>
         </object>
         <object confidence="0.77962">
            <box h="148" w="74" xc="250" yc="271"/>
         </object>
         <object confidence="0.55721">
            <box h="165" w="83" xc="208.5" yc="275.5"/>
         </object>
         <object confidence="0.50166">
            <box h="120" w="60" xc="518" yc="354"/>
         </object>
      </objectlist>
   </frame>
   <frame number="96">
      <objectlist>
         <object confidence="0.9278">
            <box h="198" w="99" xc="272.5" yc="282"/>
         </object>
         <object confidence="0.77855">
            <box h="249" w="124" xc="160" yc="282.5"/>
         </object>
         <object confidence="0.77015">
            <box h="244" w="121" xc="501.5" yc="290"/>
         </object>
         <object confidence="0.50005">
            <box h="104" w="52" xc="522" yc="359"/>
         </object>
      </objectlist>
   </frame>
   <frame number="97">
      <objectlist>
         <object confidence="0.94458">
            <box h="193" w="96" xc="270" yc="278.5"/>
         </object>
         <object confidence="0.93688">
            <box h="248" w="123" xc="508.5" yc="292"/>
         </object>
         <object confidence="0.73656">
            <box h="255" w="127" xc="173.5" yc="283.5"/>
         </object>
         <object confidence="0.53858">
            <box h="191" w="96" xc="198" yc="342.5"/>
         </object>
      </objectlist>
   </frame>
   <frame number="98">
      <objectlist>
         <object confidence="0.96156">
            <box h="239" w="121" xc="515.5" yc="293.5"/>
         </object>
         <object confidence="0.95607">
            <box h="202" w="101" xc="266.5" yc="281"/>
         </object>
         <object confidence="0.78335">
            <box h="254" w="127" xc="179.5" yc="287"/>
         </object>
      </objectlist>
   </frame>
   <frame number="99">
      <objectlist>
         <object confidence="0.95958">
            <box h="206" w="102" xc="263" yc="282"/>
         </object>
         <object confidence="0.95616">
            <box h="244" w="121" xc="522.5" yc="288"/>
         </object>
         <object confidence="0.64092">
            <box h="265" w="132" xc="197" yc="288.5"/>
         </object>
         <object confidence="0.50209">
            <box h="148" w="74" xc="206" yc="360"/>
         </object>
      </objectlist>
   </frame>
   <frame number="100">
      <objectlist>
         <object confidence="0.98125">
            <box h="241" w="120" xc="531" yc="289.5"/>
         </object>
         <object confidence="0.95039">
            <box h="200" w="100" xc="261" yc="281"/>
         </object>
         <object confidence="0.68328">
            <box h="264" w="132" xc="199" yc="288"/>
         </object>
         <object confidence="0.67085">
            <box h="125" w="63" xc="508.5" yc="247.5"/>
         </object>
         <object confidence="0.53953">
            <box h="100" w="49" xc="280.5" yc="333"/>
         </object>
         <object confidence="0.50002">
            <box h="130" w="65" xc="206.5" yc="372"/>
         </object>
      </objectlist>
   </frame>
   <frame number="101">
      <objectlist>
         <object confidence="0.99054">
            <box h="236" w="118" xc="534" yc="290"/>
         </object>
         <object confidence="0.92074">
            <box h="205" w="102" xc="259" yc="280.5"/>
         </object>
         <object confidence="0.70321">
            <box h="264" w="131" xc="199.5" yc="289"/>
         </object>
      </objectlist>
   </frame>
   <frame number="102">
      <objectlist>
         <object confidence="0.99085">
            <box h="232" w="115" xc="543.5" yc="289"/>
         </object>
         <object confidence="0.78301">
            <box h="262" w="131" xc="202.5" yc="286"/>
         </object>
         <object confidence="0.58555">
            <box h="218" w="108" xc="259" yc="278"/>
         </object>
         <object confidence="0.53484">
            <box h="139" w="69" xc="294.5" yc="272.5"/>
         </object>
         <object confidence="0.50002">
            <box h="86" w="42" xc="169" yc="254"/>
         </object>
      </objectlist>
   </frame>
   <frame number="103">
      <objectlist>
         <object confidence="0.99214">
            <box h="226" w="112" xc="548" yc="288"/>
         </object>
         <object confidence="0.89024">
            <box h="250" w="124" xc="220" yc="272"/>
         </object>
         <object confidence="0.56061">
            <box h="138" w="68" xc="296" yc="273"/>
         </object>
         <object confidence="0.50121">
            <box h="72" w="36" xc="292" yc="245"/>
         </object>
         <object confidence="0.50092">
            <box h="73" w="36" xc="526" yc="379.5"/>
         </object>
         <object confidence="0.50007">
            <box h="87" w="43" xc="176.5" yc="254.5"/>
         </object>
      </objectlist>
   </frame>
   <frame number="104">
      <objectlist>
         <object confidence="0.98118">
            <box h="224" w="112" xc="549" yc="287"/>
         </object>
         <object confidence="0.93298">
            <box h="246" w="123" xc="221.5" yc="276"/>
         </object>
         <object confidence="0.60665">
            <box h="139" w="69" xc="297.5" yc="273.5"/>
         </object>
         <object confidence="0.50013">
            <box h="74" w="36" xc="530" yc="374"/>
         </object>
         <object confidence="0.50011">
            <box h="60" w="30" xc="203" yc="351"/>
         </object>
      </objectlist>
   </frame>
   <frame number="105">
      <objectlist>
         <object confidence="0.92258">
            <box h="247" w="124" xc="222" yc="285.5"/>
         </object>
         <object confidence="0.90979">
            <box h="224" w="112" xc="550" yc="292"/>
         </object>
         <object confidence="0.76639">
            <box h="137" w="69" xc="306.5" yc="272.5"/>
         </object>
         <object confidence="0.50004">
            <box h="88" w="44" xc="191" yc="254"/>
         </object>
         <object confidence="0.50004">
            <box h="70" w="36" xc="532" yc="380"/>
         </object>
      </objectlist>
   </frame>
   <frame number="106">
      <objectlist>
         <object confidence="0.85608">
            <box h="137" w="69" xc="308.5" yc="270.5"/>
         </object>
         <object confidence="0.76091">
            <box h="243" w="123" xc="227.5" yc="285.5"/>
         </object>
         <object confidence="0.52077">
            <box h="218" w="110" xc="552" yc="292"/>
         </object>
         <object confidence="0.51072">
            <box h="109" w="55" xc="215.5" yc="375.5"/>
         </object>
         <object confidence="0.50003">
            <box h="64" w="32" xc="388" yc="223"/>
         </object>
      </objectlist>
   </frame>
   <frame number="107">
      <objectlist>
         <object confidence="0.82705">
            <box h="145" w="72" xc="314" yc="272.5"/>
         </object>
         <object confidence="0.67064">
            <box h="255" w="127" xc="242.5" yc="290.5"/>
         </object>
         <object confidence="0.5048">
            <box h="106" w="52" xc="196" yc="333"/>
         </object>
         <object confidence="0.50267">
            <box h="166" w="82" xc="206" yc="345"/>
         </object>
         <object confidence="0.50128">
            <box h="106" w="53" xc="215.5" yc="375"/>
         </object>
         <object confidence="0.50003">
            <box h="64" w="32" xc="388" yc="223"/>
         </object>
      </objectlist>
   </frame>
   <frame number="108">
      <objectlist>
         <object confidence="0.91422">
            <box h="141" w="70" xc="319" yc="273.5"/>
         </object>
         <object confidence="0.57514">
            <box h="249" w="124" xc="243" yc="294.5"/>
         </object>
         <object confidence="0.50787">
            <box h="164" w="81" xc="209.5" yc="356"/>
         </object>
         <object confidence="0.50085">
            <box h="201" w="100" xc="201" yc="285.5"/>
         </object>
         <object confidence="0.50016">
            <box h="114" w="56" xc="282" yc="207"/>
         </object>
         <object confidence="0.50012">
            <box h="144" w="71" xc="578.5" yc="238"/>
         </object>
      </objectlist>
   </frame>
   <frame number="109">
      <objectlist>
         <object confidence="0.89611">
            <box h="136" w="68" xc="322" yc="274"/>
         </object>
         <object confidence="0.67823">
            <box h="242" w="120" xc="261" yc="288"/>
         </object>
         <object confidence="0.55229">
            <box h="201" w="99" xc="198.5" yc="283.5"/>
         </object>
         <object confidence="0.51512">
            <box h="143" w="71" xc="216.5" yc="358.5"/>
         </object>
         <object confidence="0.50046">
            <box h="117" w="58" xc="584" yc="246.5"/>
         </object>
      </objectlist>
   </frame>
   <frame number="110">
      <objectlist>
         <object confidence="0.92758">
            <box h="137" w="69" xc="328.5" yc="273.5"/>
         </object>
         <object confidence="0.82828">
            <box h="209" w="105" xc="185.5" yc="282.5"/>
         </object>
         <object confidence="0.66236">
            <box h="245" w="123" xc="267.5" yc="288.5"/>
         </object>
         <object confidence="0.52552">
            <box h="168" w="84" xc="220" yc="357"/>
         </object>
         <object confidence="0.50169">
            <box h="115" w="58" xc="593" yc="252.5"/>
         </object>
      </objectlist>
   </frame>
   <frame number="111">
      <objectlist>
         <object confidence="0.90098">
            <box h="205" w="103" xc="182.5" yc="277.5"/>
         </object>
         <object confidence="0.82269">
            <box h="132" w="65" xc="330.5" yc="275"/>
         </object>
         <object confidence="0.67385">
            <box h="238" w="119" xc="280.5" yc="288"/>
         </object>
         <object confidence="0.50034">
            <box h="172" w="86" xc="319" yc="355"/>
         </object>
         <object confidence="0.50021">
            <box h="88" w="44" xc="168" yc="327"/>
         </object>
         <object confidence="0.50004">
            <box h="72" w="36" xc="315" yc="410"/>
         </object>
      </objectlist>
   </frame>
   <frame number="112">
      <objectlist>
         <object confidence="0.88434">
            <box h="209" w="104" xc="177" yc="277.5"/>
         </object>
         <object confidence="0.79331">
            <box h="137" w="68" xc="341" yc="274.5"/>
         </object>
         <object confidence="0.71975">
            <box h="249" w="124" xc="294" yc="287.5"/>
         </object>
      </objectlist>
   </frame>
   <frame number="113">
      <objectlist>
         <object confidence="0.85031">
            <box h="209" w="105" xc="165.5" yc="278.5"/>
         </object>
         <object confidence="0.71791">
            <box h="263" w="132" xc="310" yc="288.5"/>
         </object>
         <object confidence="0.69482">
            <box h="181" w="91" xc="258.5" yc="273.5"/>
         </object>
         <object confidence="0.54884">
            <box h="143" w="72" xc="349" yc="274.5"/>
         </object>
         <object confidence="0.50026">
            <box h="90" w="46" xc="148" yc="331"/>
         </object>
         <object confidence="0.50006">
            <box h="82" w="41" xc="250.5" yc="231"/>
         </object>
         <object confidence="0.50004">
            <box h="105" w="52" xc="325" yc="384.5"/>
         </object>
      </objectlist>
   </frame>
   <frame number="114">
      <objectlist>
         <object confidence="0.76809">
            <box h="205" w="103" xc="165.5" yc="276.5"/>
         </object>
         <object confidence="0.73832">
            <box h="137" w="69" xc="352.5" yc="274.5"/>
         </object>
         <object confidence="0.67224">
            <box h="174" w="87" xc="261.5" yc="277"/>
         </object>
         <object confidence="0.63912">
            <box h="256" w="128" xc="315" yc="290"/>
         </object>
      </objectlist>
   </frame>
   <frame number="115">
      <objectlist>
         <object confidence="0.79837">
            <box h="184" w="92" xc="268" yc="274"/>
         </object>
         <object confidence="0.70174">
            <box h="208" w="104" xc="165" yc="276"/>
         </object>
         <object confidence="0.6247">
            <box h="261" w="131" xc="325.5" yc="288.5"/>
         </object>
      </objectlist>
   </frame>
   <frame number="116">
      <objectlist>
         <object confidence="0.78292">
            <box h="260" w="131" xc="332.5" yc="288"/>
         </object>
         <object confidence="0.76411">
            <box h="181" w="91" xc="271.5" yc="275.5"/>
         </object>
         <object confidence="0.66009">
            <box h="201" w="101" xc="149.5" yc="274.5"/>
         </object>
         <object confidence="0.50011">
            <box h="93" w="47" xc="261.5" yc="233.5"/>
         </object>
      </objectlist>
   </frame>
   <frame number="117">
      <objectlist>
         <object confidence="0.7547">
            <box h="249" w="125" xc="336.5" yc="283.5"/>
         </object>
         <object confidence="0.7526">
            <box h="179" w="89" xc="272.5" yc="282.5"/>
         </object>
         <object confidence="0.69305">
            <box h="215" w="108" xc="147" yc="275.5"/>
         </object>
         <object confidence="0.5042">
            <box h="86" w="44" xc="269" yc="233"/>
         </object>
      </objectlist>
   </frame>
   <frame number="118">
      <objectlist>
         <object confidence="0.77985">
            <box h="179" w="90" xc="274" yc="285.5"/>
         </object>
         <object confidence="0.76007">
            <box h="237" w="118" xc="348" yc="280.5"/>
         </object>
         <object confidence="0.58639">
            <box h="207" w="103" xc="136.5" yc="276.5"/>
         </object>
         <object confidence="0.5158">
            <box h="90" w="45" xc="271.5" yc="238"/>
         </object>
         <object confidence="0.50113">
            <box h="88" w="44" xc="113" yc="331"/>
         </object>
         <object confidence="0.50012">
            <box h="239" w="120" xc="79" yc="280.5"/>
         </object>
         <object confidence="0.50007">
            <box h="139" w="69" xc="45.5" yc="335.5"/>
         </object>
         <object confidence="0.50004">
            <box h="114" w="56" xc="38" yc="225"/>
         </object>
      </objectlist>
   </frame>
   <frame number="119">
      <objectlist>
         <object confidence="0.78852">
            <box h="251" w="125" xc="353.5" yc="291.5"/>
         </object>
         <object confidence="0.64008">
            <box h="183" w="91" xc="284.5" yc="281.5"/>
         </object>
         <object confidence="0.61662">
            <box h="219" w="110" xc="128" yc="275.5"/>
         </object>
         <object confidence="0.55591">
            <box h="149" w="74" xc="49" yc="337.5"/>
         </object>
         <object confidence="0.5232">
            <box h="242" w="120" xc="80" yc="282"/>
         </object>
         <object confidence="0.51139">
            <box h="87" w="43" xc="106.5" yc="331.5"/>
         </object>
         <object confidence="0.50053">
            <box h="84" w="41" xc="275.5" yc="236"/>
         </object>
      </objectlist>
   </frame>
   <frame number="120">
      <objectlist>
         <object confidence="0.8128">
            <box h="182" w="92" xc="287" yc="280"/>
         </object>
         <object confidence="0.76045">
            <box h="249" w="125" xc="362.5" yc="294.5"/>
         </object>
         <object confidence="0.74059">
            <box h="211" w="106" xc="115" yc="279.5"/>
         </object>
         <object confidence="0.59845">
            <box h="237" w="119" xc="78.5" yc="286.5"/>
         </object>
         <object confidence="0.50034">
            <box h="91" w="45" xc="283.5" yc="234.5"/>
         </object>
         <object confidence="0.50011">
            <box h="97" w="49" xc="99.5" yc="332.5"/>
         </object>
      </objectlist>
   </frame>
   <frame number="121">
      <objectlist>
         <object confidence="0.84001">
            <box h="180" w="90" xc="288" yc="280"/>
         </object>
         <object confidence="0.83152">
            <box h="224" w="112" xc="108" yc="282"/>
         </object>
         <object confidence="0.68702">
            <box h="254" w="127" xc="370.5" yc="292"/>
         </object>
      </objectlist>
   </frame>
   <frame number="122">
      <objectlist>
         <object confidence="0.90707">
            <box h="225" w="112" xc="103" yc="282.5"/>
         </object>
         <object confidence="0.90666">
            <box h="184" w="92" xc="299" yc="278"/>
         </object>
         <object confidence="0.58977">
            <box h="247" w="123" xc="381.5" yc="291.5"/>
         </object>
         <object confidence="0.50439">
            <box h="81" w="40" xc="289" yc="236.5"/>
         </object>
         <object confidence="0.50014">
            <box h="72" w="35" xc="22.5" yc="360"/>
         </object>
      </objectlist>
   </frame>
   <frame number="123">
      <objectlist>
         <object confidence="0.90033">
            <box h="184" w="92" xc="302" yc="278"/>
         </object>
         <object confidence="0.73848">
            <box h="238" w="119" xc="93.5" yc="285"/>
         </object>
         <object confidence="0.68655">
            <box h="236" w="118" xc="384" yc="293"/>
         </object>
         <object confidence="0.50017">
            <box h="76" w="38" xc="27" yc="359"/>
         </object>
         <object confidence="0.50014">
            <box h="182" w="91" xc="332.5" yc="349"/>
         </object>
         <object confidence="0.50004">
            <box h="58" w="30" xc="18" yc="377"/>
         </object>
         <object confidence="0.50002">
            <box h="70" w="36" xc="345" yc="228"/>
         </object>
      </objectlist>
   </frame>
   <frame number="124">
      <objectlist>
         <object confidence="0.87852">
            <box h="219" w="109" xc="73.5" yc="283.5"/>
         </object>
         <object confidence="0.83937">
            <box h="178" w="89" xc="302.5" yc="281"/>
         </object>
         <object confidence="0.60495">
            <box h="247" w="123" xc="402.5" yc="285.5"/>
         </object>
      </objectlist>
   </frame>
   <frame number="125">
      <objectlist>
         <object confidence="0.93342">
            <box h="231" w="115" xc="80.5" yc="283.5"/>
         </object>
         <object confidence="0.80861">
            <box h="180" w="90" xc="314" yc="280"/>
         </object>
         <object confidence="0.64256">
            <box h="251" w="125" xc="420.5" yc="284.5"/>
         </object>
         <object confidence="0.50035">
            <box h="77" w="38" xc="109" yc="372.5"/>
         </object>
      </objectlist>
   </frame>
   <frame number="126">
      <objectlist>
         <object confidence="0.93889">
            <box h="182" w="90" xc="317" yc="280"/>
         </object>
         <object confidence="0.88123">
            <box h="239" w="120" xc="86" yc="281.5"/>
         </object>
         <object confidence="0.72034">
            <box h="244" w="122" xc="423" yc="284"/>
         </object>
         <object confidence="0.50329">
            <box h="99" w="50" xc="444" yc="382.5"/>
         </object>
      </objectlist>
   </frame>
   <frame number="127">
      <objectlist>
         <object confidence="0.95096">
            <box h="183" w="91" xc="317.5" yc="280.5"/>
         </object>
         <object confidence="0.86069">
            <box h="243" w="121" xc="88.5" yc="284.5"/>
         </object>
         <object confidence="0.57972">
            <box h="256" w="128" xc="442" yc="285"/>
         </object>
         <object confidence="0.50043">
            <box h="100" w="50" xc="450" yc="382"/>
         </object>
      </objectlist>
   </frame>
   <frame number="128">
      <objectlist>
         <object confidence="0.9399">
            <box h="180" w="90" xc="320" yc="281"/>
         </object>
         <object confidence="0.69389">
            <box h="250" w="125" xc="104.5" yc="284"/>
         </object>
         <object confidence="0.60616">
            <box h="220" w="110" xc="439" yc="270"/>
         </object>
         <object confidence="0.50003">
            <box h="114" w="56" xc="452" yc="386"/>
         </object>
      </objectlist>
   </frame>
   <frame number="129">
      <objectlist>
         <object confidence="0.94688">
            <box h="178" w="90" xc="329" yc="283"/>
         </object>
         <object confidence="0.81023">
            <box h="251" w="126" xc="110" yc="286.5"/>
         </object>
         <object confidence="0.68926">
            <box h="183" w="91" xc="440.5" yc="258.5"/>
         </object>
         <object confidence="0.50002">
            <box h="102" w="52" xc="119" yc="359"/>
         </object>
      </objectlist>
   </frame>
   <frame number="130">
      <objectlist>
         <object confidence="0.97157">
            <box h="182" w="91" xc="331.5" yc="284"/>
         </object>
         <object confidence="0.93464">
            <box h="244" w="122" xc="114" yc="288"/>
         </object>
         <object confidence="0.66932">
            <box h="194" w="97" xc="450.5" yc="258"/>
         </object>
      </objectlist>
   </frame>
   <frame number="131">
      <objectlist>
         <object confidence="0.97878">
            <box h="183" w="92" xc="335" yc="285.5"/>
         </object>
         <object confidence="0.92147">
            <box h="238" w="119" xc="123.5" yc="286"/>
         </object>
         <object confidence="0.70036">
            <box h="207" w="104" xc="457" yc="259.5"/>
         </object>
         <object confidence="0.54781">
            <box h="183" w="92" xc="60" yc="287.5"/>
         </object>
      </objectlist>
   </frame>
   <frame number="132">
      <objectlist>
         <object confidence="0.95899">
            <box h="185" w="93" xc="339.5" yc="284.5"/>
         </object>
         <object confidence="0.87662">
            <box h="242" w="120" xc="130" yc="285"/>
         </object>
         <object confidence="0.78163">
            <box h="230" w="115" xc="465.5" yc="269"/>
         </object>
         <object confidence="0.50135">
            <box h="183" w="91" xc="60.5" yc="287.5"/>
         </object>
         <object confidence="0.50005">
            <box h="91" w="45" xc="29.5" yc="343.5"/>
         </object>
      </objectlist>
   </frame>
   <frame number="133">
      <objectlist>
         <object confidence="0.95028">
            <box h="187" w="93" xc="346.5" yc="283.5"/>
         </object>
         <object confidence="0.8529">
            <box h="241" w="121" xc="137.5" yc="292.5"/>
         </object>
         <object confidence="0.80965">
            <box h="257" w="128" xc="471" yc="286.5"/>
         </object>
      </objectlist>
   </frame>
   <frame number="134">
      <objectlist>
         <object confidence="0.94341">
            <box h="187" w="93" xc="347.5" yc="283.5"/>
         </object>
         <object confidence="0.85921">
            <box h="243" w="122" xc="148" yc="291.5"/>
         </object>
         <object confidence="0.6676">
            <box h="259" w="130" xc="487" yc="287.5"/>
         </object>
         <object confidence="0.50072">
            <box h="142" w="71" xc="500.5" yc="363"/>
         </object>
         <object confidence="0.50034">
            <box h="77" w="38" xc="128" yc="367.5"/>
         </object>
      </objectlist>
   </frame>
   <frame number="135">
      <objectlist>
         <object confidence="0.94461">
            <box h="238" w="119" xc="155.5" yc="292"/>
         </object>
         <object confidence="0.92147">
            <box h="188" w="94" xc="349" yc="283"/>
         </object>
         <object confidence="0.51232">
            <box h="256" w="128" xc="489" yc="285"/>
         </object>
         <object confidence="0.50749">
            <box h="170" w="85" xc="454.5" yc="356"/>
         </object>
         <object confidence="0.50149">
            <box h="76" w="38" xc="128" yc="373"/>
         </object>
         <object confidence="0.50009">
            <box h="143" w="72" xc="456" yc="273.5"/>
         </object>
      </objectlist>
   </frame>
   <frame number="136">
      <objectlist>
         <object confidence="0.93839">
            <box h="235" w="116" xc="165" yc="288.5"/>
         </object>
         <object confidence="0.93346">
            <box h="184" w="92" xc="352" yc="282"/>
         </object>
         <object confidence="0.54373">
            <box h="251" w="125" xc="506.5" yc="284.5"/>
         </object>
         <object confidence="0.50565">
            <box h="168" w="84" xc="455" yc="357"/>
         </object>
         <object confidence="0.50024">
            <box h="82" w="40" xc="134" yc="369"/>
         </object>
         <object confidence="0.50005">
            <box h="58" w="28" xc="372" yc="338"/>
         </object>
      </objectlist>
   </frame>
   <frame number="137">
      <objectlist>
         <object confidence="0.96995">
            <box h="229" w="114" xc="169" yc="287.5"/>
         </object>
         <object confidence="0.96473">
            <box h="185" w="92" xc="362" yc="282.5"/>
         </object>
         <object confidence="0.61161">
            <box h="252" w="126" xc="511" yc="289"/>
         </object>
         <object confidence="0.50287">
            <box h="152" w="76" xc="464" yc="363"/>
         </object>
         <object confidence="0.50005">
            <box h="66" w="33" xc="361.5" yc="340"/>
         </object>
         <object confidence="0.50005">
            <box h="82" w="41" xc="326.5" yc="319"/>
         </object>
      </objectlist>
   </frame>
   <frame number="138">
      <objectlist>
         <object confidence="0.96477">
            <box h="234" w="117" xc="182.5" yc="288"/>
         </object>
         <object confidence="0.95529">
            <box h="183" w="91" xc="364.5" yc="280.5"/>
         </object>
         <object confidence="0.82047">
            <box h="255" w="126" xc="528" yc="285.5"/>
         </object>
         <object confidence="0.50048">
            <box h="166" w="82" xc="469" yc="358"/>
         </object>
         <object confidence="0.50035">
            <box h="145" w="72" xc="477" yc="274.5"/>
         </object>
      </objectlist>
   </frame>
   <frame number="139">
      <objectlist>
         <object confidence="0.94437">
            <box h="184" w="93" xc="368.5" yc="281"/>
         </object>
         <object confidence="0.93395">
            <box h="244" w="123" xc="193.5" yc="289"/>
         </object>
         <object confidence="0.78995">
            <box h="255" w="129" xc="535.5" yc="286.5"/>
         </object>
         <object confidence="0.63268">
            <box h="150" w="75" xc="481.5" yc="276"/>
         </object>
         <object confidence="0.50004">
            <box h="118" w="59" xc="557.5" yc="385"/>
         </object>
      </objectlist>
   </frame>
   <frame number="140">
      <objectlist>
         <object confidence="0.93178">
            <box h="185" w="93" xc="374.5" yc="281.5"/>
         </object>
         <object confidence="0.88099">
            <box h="244" w="121" xc="201.5" yc="291"/>
         </object>
         <object confidence="0.83701">
            <box h="147" w="74" xc="490" yc="274.5"/>
         </object>
         <object confidence="0.67251">
            <box h="244" w="122" xc="543" yc="286"/>
         </object>
         <object confidence="0.50006">
            <box h="159" w="80" xc="563" yc="359.5"/>
         </object>
      </objectlist>
   </frame>
   <frame number="141">
      <objectlist>
         <object confidence="0.96881">
            <box h="188" w="94" xc="381" yc="282"/>
         </object>
         <object confidence="0.86014">
            <box h="148" w="74" xc="491" yc="275"/>
         </object>
         <object confidence="0.84779">
            <box h="243" w="121" xc="219.5" yc="292.5"/>
         </object>
         <object confidence="0.58085">
            <box h="239" w="120" xc="546" yc="297.5"/>
         </object>
      </objectlist>
   </frame>
   <frame number="142">
      <objectlist>
         <object confidence="0.96149">
            <box h="145" w="72" xc="499" yc="275.5"/>
         </object>
         <object confidence="0.94404">
            <box h="192" w="95" xc="384.5" yc="283"/>
         </object>
         <object confidence="0.92899">
            <box h="247" w="122" xc="221" yc="292.5"/>
         </object>
         <object confidence="0.50745">
            <box h="243" w="120" xc="545" yc="301.5"/>
         </object>
         <object confidence="0.50007">
            <box h="65" w="32" xc="495" yc="318.5"/>
         </object>
      </objectlist>
   </frame>
   <frame number="143">
      <objectlist>
         <object confidence="0.98086">
            <box h="146" w="73" xc="500.5" yc="276"/>
         </object>
         <object confidence="0.97438">
            <box h="190" w="95" xc="386.5" yc="283"/>
         </object>
         <object confidence="0.90604">
            <box h="244" w="121" xc="222.5" yc="296"/>
         </object>
         <object confidence="0.51407">
            <box h="244" w="120" xc="545" yc="302"/>
         </object>
      </objectlist>
   </frame>
   <frame number="144">
      <objectlist>
         <object confidence="0.98351">
            <box h="187" w="93" xc="392.5" yc="283.5"/>
         </object>
         <object confidence="0.97092">
            <box h="146" w="73" xc="506.5" yc="277"/>
         </object>
         <object confidence="0.84941">
            <box h="250" w="125" xc="239.5" yc="296"/>
         </object>
         <object confidence="0.50003">
            <box h="150" w="76" xc="577" yc="238"/>
         </object>
      </objectlist>
   </frame>
   <frame number="145">
      <objectlist>
         <object confidence="0.98408">
            <box h="184" w="92" xc="398" yc="283"/>
         </object>
         <object confidence="0.98243">
            <box h="149" w="75" xc="512.5" yc="277.5"/>
         </object>
         <object confidence="0.97704">
            <box h="235" w="118" xc="242" yc="299.5"/>
         </object>
         <object confidence="0.50093">
            <box h="150" w="75" xc="577.5" yc="238"/>
         </object>
      </objectlist>
   </frame>
   <frame number="146">
      <objectlist>
         <object confidence="0.96606">
            <box h="146" w="72" xc="516" yc="278"/>
         </object>
         <object confidence="0.94531">
            <box h="187" w="94" xc="401" yc="282.5"/>
         </object>
         <object confidence="0.91655">
            <box h="239" w="119" xc="256.5" yc="297.5"/>
         </object>
         <object confidence="0.50003">
            <box h="86" w="42" xc="226" yc="375"/>
         </object>
      </objectlist>
   </frame>
   <frame number="147">
      <objectlist>
         <object confidence="0.9593">
            <box h="184" w="92" xc="407" yc="283"/>
         </object>
         <object confidence="0.93281">
            <box h="246" w="123" xc="261.5" yc="295"/>
         </object>
         <object confidence="0.91978">
            <box h="146" w="73" xc="524.5" yc="277"/>
         </object>
         <object confidence="0.50003">
            <box h="84" w="42" xc="233" yc="368"/>
         </object>
      </objectlist>
   </frame>
   <frame number="148">
      <objectlist>
         <object confidence="0.97093">
            <box h="182" w="91" xc="409.5" yc="284"/>
         </object>
         <object confidence="0.88461">
            <box h="143" w="71" xc="532.5" yc="275.5"/>
         </object>
         <object confidence="0.85422">
            <box h="246" w="122" xc="270" yc="292"/>
         </object>
         <object confidence="0.50009">
            <box h="79" w="40" xc="296" yc="225.5"/>
         </object>
      </objectlist>
   </frame>
   <frame number="149">
      <objectlist>
         <object confidence="0.9632">
            <box h="181" w="92" xc="412" yc="283.5"/>
         </object>
         <object confidence="0.94056">
            <box h="144" w="72" xc="538" yc="276"/>
         </object>
         <object confidence="0.80434">
            <box h="241" w="122" xc="282" yc="291.5"/>
         </object>
      </objectlist>
   </frame>
   <frame number="150">
      <objectlist>
         <object confidence="0.90897">
            <box h="145" w="72" xc="542" yc="275.5"/>
         </object>
         <object confidence="0.89782">
            <box h="186" w="92" xc="415" yc="282"/>
         </object>
         <object confidence="0.8358">
            <box h="240" w="119" xc="292.5" yc="293"/>
         </object>
      </objectlist>
   </frame>
   <frame number="151">
      <objectlist>
         <object confidence="0.91744">
            <box h="142" w="71" xc="548.5" yc="276"/>
         </object>
         <object confidence="0.91541">
            <box h="180" w="91" xc="416.5" yc="282"/>
         </object>
         <object confidence="0.76438">
            <box h="240" w="121" xc="310.5" yc="296"/>
         </object>
         <object confidence="0.50019">
            <box h="95" w="48" xc="326" yc="369.5"/>
         </object>
         <object confidence="0.50002">
            <box h="48" w="24" xc="412" yc="332"/>
         </object>
      </objectlist>
   </frame>
   <frame number="152">
      <objectlist>
         <object confidence="0.94585">
            <box h="177" w="88" xc="415" yc="281.5"/>
         </object>
         <object confidence="0.85601">
            <box h="146" w="73" xc="550.5" yc="275"/>
         </object>
         <object confidence="0.84548">
            <box h="239" w="119" xc="322.5" yc="295.5"/>
         </object>
         <object confidence="0.50006">
            <box h="48" w="24" xc="412" yc="332"/>
         </object>
      </objectlist>
   </frame>
   <frame number="153">
      <objectlist>
         <object confidence="0.93112">
            <box h="185" w="92" xc="423" yc="281.5"/>
         </object>
         <object confidence="0.8724">
            <box h="137" w="68" xc="558" yc="273.5"/>
         </object>
         <object confidence="0.8108">
            <box h="238" w="119" xc="328.5" yc="297"/>
         </object>
         <object confidence="0.50005">
            <box h="90" w="46" xc="340" yc="374"/>
         </object>
      </objectlist>
   </frame>
   <frame number="154">
      <objectlist>
         <object confidence="0.94549">
            <box h="147" w="73" xc="562.5" yc="276.5"/>
         </object>
         <object confidence="0.90126">
            <box h="184" w="92" xc="433" yc="283"/>
         </object>
         <object confidence="0.81355">
            <box h="239" w="119" xc="331.5" yc="301.5"/>
         </object>
      </objectlist>
   </frame>
   <frame number="155">
      <objectlist>
         <object confidence="0.9668">
            <box h="236" w="118" xc="339" yc="303"/>
         </object>
         <object confidence="0.93784">
            <box h="146" w="73" xc="567.5" yc="278"/>
         </object>
         <object confidence="0.88041">
            <box h="185" w="92" xc="437" yc="282.5"/>
         </object>
      </objectlist>
   </frame>
   <frame number="156">
      <objectlist>
         <object confidence="0.96683">
            <box h="140" w="70" xc="573" yc="278"/>
         </object>
         <object confidence="0.85907">
            <box h="244" w="122" xc="349" yc="295"/>
         </object>
         <object confidence="0.79644">
            <box h="184" w="93" xc="438.5" yc="282"/>
         </object>
         <object confidence="0.50004">
            <box h="58" w="30" xc="299" yc="266"/>
         </object>
      </objectlist>
   </frame>
   <frame number="157">
      <objectlist>
         <object confidence="0.98289">
            <box h="137" w="68" xc="579" yc="278.5"/>
         </object>
         <object confidence="0.95205">
            <box h="246" w="124" xc="359" yc="296"/>
         </object>
         <object confidence="0.76755">
            <box h="185" w="93" xc="439.5" yc="276.5"/>
         </object>
      </objectlist>
   </frame>
   <frame number="158">
      <objectlist>
         <object confidence="0.97686">
            <box h="242" w="121" xc="367.5" yc="298"/>
         </object>
         <object confidence="0.91638">
            <box h="136" w="68" xc="580" yc="278"/>
         </object>
         <object confidence="0.65353">
            <box h="181" w="90" xc="442" yc="275.5"/>
         </object>
         <object confidence="0.58911">
            <box h="172" w="86" xc="460" yc="287"/>
         </object>
      </objectlist>
   </frame>
   <frame number="159">
      <objectlist>
         <object confidence="0.9627">
            <box h="246" w="122" xc="378" yc="295"/>
         </object>
         <object confidence="0.8376">
            <box h="121" w="61" xc="591.5" yc="276.5"/>
         </object>
         <object confidence="0.66875">
            <box h="175" w="88" xc="441" yc="275.5"/>
         </object>
         <object confidence="0.56343">
            <box h="165" w="82" xc="472" yc="287.5"/>
         </object>
         <object confidence="0.5001">
            <box h="120" w="59" xc="351.5" yc="364"/>
         </object>
      </objectlist>
   </frame>
   <frame number="160">
      <objectlist>
         <object confidence="0.51475">
            <box h="235" w="117" xc="383.5" yc="297.5"/>
         </object>
      </objectlist>
   </frame>
</dataset>